<?xml version="1.0" encoding="UTF-8"?>
<project-private xmlns="http://www.netbeans.org/ns/project-private/1">
    <editor-bookmarks xmlns="http://www.netbeans.org/ns/editor-bookmarks/2" lastBookmarkId="0"/>
    <open-files xmlns="http://www.netbeans.org/ns/projectui-open-files/2">
        <group>
            <file>file:/Users/trantuandat/Documents/Lab/LAB211_Assignment_HospitalManagement/src/HospitalManager.java</file>
            <file>file:/Users/trantuandat/Documents/Lab/LAB211_Assignment_HospitalManagement/src/data/DoctorList.java</file>
            <file>file:/Users/trantuandat/Documents/Lab/LAB211_Assignment_HospitalManagement/src/tools/Inputter.java</file>
            <file>file:/Users/trantuandat/Documents/Lab/LAB211_Assignment_HospitalManagement/src/data/Doctor.java</file>
            <file>file:/Users/trantuandat/Documents/Lab/LAB211_Assignment_HospitalManagement/src/data/DepartmentList.java</file>
            <file>file:/Users/trantuandat/Documents/Lab/LAB211_Assignment_HospitalManagement/src/data/Department.java</file>
            <file>file:/Users/trantuandat/Documents/Lab/LAB211_Assignment_HospitalManagement/src/program.java</file>
        </group>
    </open-files>
</project-private>
